name,value,values
UniqueID,UniqueID,NA
ResponseID,ResponseID,NA
Year,Year,NA
Q1Gender_Final,Q1Gender_Final = Four categories of gender,Male; Female; Other / gender diverse; Prefer not to say
Q3Age_Final,Q3Age_Final = Final age for all YP,NA
Q2State,Q2State = State/territory they live in,NSW; VIC; QLD; SA; WA; TAS; NT; ACT
Q4Postcode,Q4Postcode = Postcode they live in,NA
OLDCountryofBirth,OLDCountryofBirth = Country they were born in,Australia; Other
Q43LOTE,Q43LOTE = Speak a language other than English at home,"Yes; No, English only"
Q42CultureGroup,Q42CultureGroup = Cultural or ethnic group that they strongly identify with,Yes; No
Q41ATSI_Final,Q41ATSI_Final = Two categories ATSI status,Non-Indigenous; Indigenous; Prefer not to answer
Q45DisabilityYS,Q45DisabilityYS = Identify as a person with disability,Yes; No; Prefer not to say
Q45aMHConditionv2,Q45aMHConditionv2 = Identify as a person with a mental health condition,Yes; No; Prefer not to say
Q25K6SUM_ABS,Q25K6SUM_ABS = K6 ABS categories,No probable serious mental illness; Probable serious mental illness
Q25K6SUM_AIFS,Q25K6SUM_AIFS = K6 AIFS categories,Low psychological distress (mental disorder unlikely); Moderate psychological distress (mental disorder possible); High psychological distress (mental disorder very likely)
Q19PWIY_whole,Q19PWIY_whole = Happy with whole life,NA
Q22Loneliness,"Q22Loneliness = Past four weeks, frequency of loneliness",All of the time; Most of the time; Some of the time; A little of the time; None of the time
Q20MHSelfPerceived,Q20MHSelfPerceived = Rating their mental health and wellbeing,Poor; Fair; Good; Very good; Excellent
Q21Control,Q21Control = Control felt over their life,No control; Almost no control; Some control; Mostly in control; Complete control
Q14Activities_1,Q14Activities_1 = Arts,Yes; No
Q14Activities_2,Q14Activities_2 = Environmental,Yes; No
Q14Activities_3,Q14Activities_3 = Political,Yes; No
Q14Activities_4,Q14Activities_4 = Religious,Yes; No
Q14Activities_5,Q14Activities_5 = SportsParticipant,Yes; No
Q14Activities_6,Q14Activities_6 = SportsSpectator,Yes; No
Q14Activities_7,Q14Activities_7 = Leadership,Yes; No
Q14Activities_8,Q14Activities_8 = Volunteer,Yes; No
Q14Activities_9,Q14Activities_9 = YouthGrps,Yes; No
Q31Hardto_1,Q31Hardto_1 = Do everyday activities as young people your age usually do,Yes; No
Q31Hardto_2,Q31Hardto_2 = Do things in public places with friends,Yes; No
Q31Hardto_3,Q31Hardto_3 = Fit in and socialise with everyone else,Yes; No
Q31Hardto_4,Q31Hardto_4 = Turn to friends and family if you need help,Yes; No
Q31Hardto_5,Q31Hardto_5 = Turn to services/organisations if you need help,Yes; No
Q31Hardto_6,Q31Hardto_6 = Make choices and feel independent,Yes; No
Q31Hardto_7,Q31Hardto_7 = Travel around the community,Yes; No
Q31Hardto_8,Q31Hardto_8 = None of the above,Yes; No
Q32Community_1,Q32Community_1 = Proud to be part of my community,Strongly disagree; Disagree; Mixed feelings; Agree; Strongly agree
Q32Community_2,Q32Community_2 = YP in my community have a say on issues that matter to them,Strongly disagree; Disagree; Mixed feelings; Agree; Strongly agree
Q32Community_3,Q32Community_3 = My community has the things that I need to have a positive and thriving future,Strongly disagree; Disagree; Mixed feelings; Agree; Strongly agree
Q23TheFuture,Q23TheFuture = Feelings about the future,Very negative; Negative; Neither; Positive; Very positive
Q15MainIssues_1,Q15MainIssues_1 = Abuse,No; Yes
Q15MainIssues_2,Q15MainIssues_2 = Adolescence,No; Yes
Q15MainIssues_3,Q15MainIssues_3 = AOD,No; Yes
Q15MainIssues_4,Q15MainIssues_4 = AnimalRights,No; Yes
Q15MainIssues_5,Q15MainIssues_5 = ATSIIssues,No; Yes
Q15MainIssues_6,Q15MainIssues_6 = BodyImage,No; Yes
Q15MainIssues_7,Q15MainIssues_7 = Bullying,No; Yes
Q15MainIssues_8,Q15MainIssues_8 = Censorship,No; Yes
Q15MainIssues_9,Q15MainIssues_9 = COVID19,No; Yes
Q15MainIssues_10,Q15MainIssues_10 = Crime_safety_violence,No; Yes
Q15MainIssues_11,Q15MainIssues_11 = Death,No; Yes
Q15MainIssues_12,Q15MainIssues_12 = Disability,No; Yes
Q15MainIssues_13,Q15MainIssues_13 = Diversity,No; Yes
Q15MainIssues_14,Q15MainIssues_14 = Economy and financial matters,No; Yes
Q15MainIssues_15,Q15MainIssues_15 = Education,No; Yes
Q15MainIssues_16,Q15MainIssues_16 = Employment,No; Yes
Q15MainIssues_17,Q15MainIssues_17 = Environment,No; Yes
Q15MainIssues_18,Q15MainIssues_18 = Equity and discrimination,No; Yes
Q15MainIssues_19,Q15MainIssues_19 = Family conflict,No; Yes
Q15MainIssues_20,Q15MainIssues_20 = Gambling,No; Yes
Q15MainIssues_21,Q15MainIssues_21 = Government support_welfare,No; Yes
Q15MainIssues_22,Q15MainIssues_22 = Health,No; Yes
Q15MainIssues_23,Q15MainIssues_23 = Homelessness_housing,No; Yes
Q15MainIssues_24,Q15MainIssues_24 = Human rights,No; Yes
Q15MainIssues_25,Q15MainIssues_25 = Identity,No; Yes
Q15MainIssues_26,Q15MainIssues_26 = International relations,No; Yes
Q15MainIssues_27,Q15MainIssues_27 = Internet_socialmedia_technology,No; Yes
Q15MainIssues_28,Q15MainIssues_28 = LGBTIQA issues,No; Yes
Q15MainIssues_29,Q15MainIssues_29 = Mental health,No; Yes
Q15MainIssues_30,Q15MainIssues_30 = Politics,No; Yes
Q15MainIssues_31,Q15MainIssues_31 = Privacy,No; Yes
Q15MainIssues_32,Q15MainIssues_32 = Relationships,No; Yes
Q15MainIssues_33,Q15MainIssues_33 = Religion,No; Yes
Q15MainIssues_34,Q15MainIssues_34 = Respect,No; Yes
Q15MainIssues_35,Q15MainIssues_35 = Rural issues,No; Yes
Q15MainIssues_36,Q15MainIssues_36 = Sex,No; Yes
Q15MainIssues_37,Q15MainIssues_37 = Societal issues,No; Yes
Q15MainIssues_38,Q15MainIssues_38 = Sport,No; Yes
Q15MainIssues_39,Q15MainIssues_39 = Transport,No; Yes
Q15MainIssues_40,Q15MainIssues_40 = Population issues,No; Yes
Q15MainIssues_41,Q15MainIssues_41 = Black Lives Matter,No; Yes
Q33LivingWParents,"Q33LivingWParents = Past three months, Living with your parents or somewhere else","Yes, with my parent/s or guardian/s; No, somewhere else"
Q35ResidentialSetting,"Q35ResidentialSetting = Past three months, Residential setting",Boarding school; Privately owned or rented house/flat; Public/social housing house/flat; Out-of-home care; Somewhere else
OLDTimesMoved,OLDTimesMoved = Number of times moved in the last three years,Zero; 1; 2; 3; 4; 5 or more
Q36NoAddress,Q36NoAddress = No fixed address or lived in a refuge or transitional accommodation (ever),Yes; No
Q36aNoAddressTimeRecode,Q36aNoAddressTime = No fixed address or lived in a refuge or transitional accommodation (time period),"Yes, in the last year; Yes, but not in the last year; No"
Q37AwayFromHome,Q37AwayFromHome = Away from home because they felt they couldn't go back (ever),Yes; No; N/A
Q37aAwayFromHomeTimeRecode,Q37aAwayFromHomeTime = Away from home because they felt they couldn't go back (ever),"Yes, in the last year; Yes, but not in the last year; No"
OLDCouchSurfFreq,OLDCouchSurfFreq = Number of times spent away from home,NA
Q38SafePlace,"Q38SafePlace = Past year, Worried about having a safe place to stay",Yes; No
Q11PaidWork,Q11PaidWork = Currently have paid work,"Yes; No, but I'm looking for work; No, and I'm NOT looking for work"
Q11aNoHours,Q11aNoHours = Hour worked in an average week,1-5 hours per week; 6-10 hours per week; 11-20 hours per week; 21-34 hours per week; 35 or more hours per week; Outliers
Q11Workstatus,Q11Workstatus = Employment status,Looking for work; Not looking for work; Employed part-time; Employed full-time
Q44JobParent1,"Q44JobParent1 = Last week, Parent/guardian 1 work status","Yes, full/part-time; No; Not sure; Not applicable"
Q44JobParent2,"Q44JobParent2 = Last week, Parent/guardian 2 work status","Yes, full/part-time; No; Not sure; Not applicable"
OLDJobFather,OLDJobFather = Father's work status last week,"Yes, full time; Yes, part time; No; Not sure; Not applicable"
OLDJobMother,OLDJobMother = Mother's work status last week,"Yes, full time; Yes, part time; No; Not sure; Not applicable"
Q39Moneyconcerns_1,Q39Moneyconcerns_1 = Could not pay bills or car expenses,Yes; No
Q39Moneyconcerns_2,Q39Moneyconcerns_2 = Could not pay rent/mortgage,Yes; No
Q39Moneyconcerns_3,Q39Moneyconcerns_3 = Gone without a meal/s,Yes; No
Q39Moneyconcerns_4,Q39Moneyconcerns_4 = Could not afford school supplies or go on school excursions,Yes; No
Q39Moneyconcerns_5,"Q39Moneyconcerns_5 = Sought financial help from family, friends or a charity",Yes; No
Q39Moneyconcerns_6,Q39Moneyconcerns_6 = Could not afford public transport,Yes; No
Q39Moneyconcerns_7,"Q39Moneyconcerns_7 = Could not pay bills (e.g = electricity, phone, gas)",Yes; No
Q39Moneyconcerns_8,Q39Moneyconcerns_8 = Could not pay for petrol or car expenses,Yes; No
Q39Moneyconcerns_9,Q39Moneyconcerns_9 = Other,Yes; No
Q39Moneyconcerns_10,Q39Moneyconcerns_10 = Not sure,Yes; No
Q39Moneyconcerns_11,"Q39Moneyconcerns_11 = No, none of the above",Yes; No
Q40aReceivedsupportTotal,Q40aReceivedsupportTotal = Financial support situation,"Yes, Mission Australia and/or a different charity or foundation; No, but I needed support or assistance; No, I did not need support or assistance from a charity or foundation; Not sure"
Q13Concerns_1,Q13Concerns_1 = AOD,Not at all concerned; Slightly concerned; Somewhat concerned; Very concerned; Extremely concerned
Q13Concerns_2,Q13Concerns_2 = BodyImage,Not at all concerned; Slightly concerned; Somewhat concerned; Very concerned; Extremely concerned
Q13Concerns_3,Q13Concerns_3 = Bullying,Not at all concerned; Slightly concerned; Somewhat concerned; Very concerned; Extremely concerned
Q13Concerns_4,Q13Concerns_4 = Climate,Not at all concerned; Slightly concerned; Somewhat concerned; Very concerned; Extremely concerned
Q13Concerns_5,Q13Concerns_5 = CopingwithStress,Not at all concerned; Slightly concerned; Somewhat concerned; Very concerned; Extremely concerned
Q13Concerns_6,Q13Concerns_6 = COVID,Not at all concerned; Slightly concerned; Somewhat concerned; Very concerned; Extremely concerned
Q13Concerns_7,Q13Concerns_7 = Discrimination,Not at all concerned; Slightly concerned; Somewhat concerned; Very concerned; Extremely concerned
Q13Concerns_8,Q13Concerns_8 = DFV,Not at all concerned; Slightly concerned; Somewhat concerned; Very concerned; Extremely concerned
Q13Concerns_9,Q13Concerns_9 = FamConflict,Not at all concerned; Slightly concerned; Somewhat concerned; Very concerned; Extremely concerned
Q13Concerns_10,Q13Concerns_10 = FinSecurity,Not at all concerned; Slightly concerned; Somewhat concerned; Very concerned; Extremely concerned
Q13Concerns_11,Q13Concerns_11 = LGBTIQAIssues,Not at all concerned; Slightly concerned; Somewhat concerned; Very concerned; Extremely concerned
Q13Concerns_12,Q13Concerns_12 = MentalHealth,Not at all concerned; Slightly concerned; Somewhat concerned; Very concerned; Extremely concerned
Q13Concerns_13,Q13Concerns_13 = PersonalSafety,Not at all concerned; Slightly concerned; Somewhat concerned; Very concerned; Extremely concerned
Q13Concerns_14,Q13Concerns_14 = PhyHealth,Not at all concerned; Slightly concerned; Somewhat concerned; Very concerned; Extremely concerned
Q13Concerns_15,Q13Concerns_15 = SchoolStudyProblems,Not at all concerned; Slightly concerned; Somewhat concerned; Very concerned; Extremely concerned
Q13Concerns_16,Q13Concerns_16 = SocialMedia,Not at all concerned; Slightly concerned; Somewhat concerned; Very concerned; Extremely concerned
Q13Concerns_17,Q13Concerns_17 = Suicide,Not at all concerned; Slightly concerned; Somewhat concerned; Very concerned; Extremely concerned
Q13Concerns_18,Q13Concerns_18 = Alcohol,Not at all concerned; Slightly concerned; Somewhat concerned; Very concerned; Extremely concerned
Q13Concerns_19,Q13Concerns_19 = Drugs,Not at all concerned; Slightly concerned; Somewhat concerned; Very concerned; Extremely concerned
Q13Concerns_20,Q13Concerns_20 = Gambling,Not at all concerned; Slightly concerned; Somewhat concerned; Very concerned; Extremely concerned
Q13Concerns_21,Q13Concerns_21 = Depression,Not at all concerned; Slightly concerned; Somewhat concerned; Very concerned; Extremely concerned
OLDImportantinyourlife_1,OLDImportantinyourlife_1 = Culture,Not at all important; Slightly important; Somewhat important; Very important; Extremely important
OLDImportantinyourlife_2,OLDImportantinyourlife_2 = Family relationships,Not at all important; Slightly important; Somewhat important; Very important; Extremely important
OLDImportantinyourlife_3,OLDImportantinyourlife_3 = Financial security,Not at all important; Slightly important; Somewhat important; Very important; Extremely important
OLDImportantinyourlife_4,OLDImportantinyourlife_4 = Friendships (other than family),Not at all important; Slightly important; Somewhat important; Very important; Extremely important
OLDImportantinyourlife_5,OLDImportantinyourlife_5 = Getting a job,Not at all important; Slightly important; Somewhat important; Very important; Extremely important
OLDImportantinyourlife_6,OLDImportantinyourlife_6 = Mental health,Not at all important; Slightly important; Somewhat important; Very important; Extremely important
OLDImportantinyourlife_7,OLDImportantinyourlife_7 = Physical health,Not at all important; Slightly important; Somewhat important; Very important; Extremely important
OLDImportantinyourlife_8,OLDImportantinyourlife_8 = School or study satisfaction,Not at all important; Slightly important; Somewhat important; Very important; Extremely important
Q26SourceOfSupport_1,Q26SourceOfSupport_1 = Sibling,Yes; No
Q26SourceOfSupport_2,Q26SourceOfSupport_2 = CommunityService,Yes; No
Q26SourceOfSupport_3,Q26SourceOfSupport_3 = Friends,Yes; No
Q26SourceOfSupport_4,Q26SourceOfSupport_4 = GP,Yes; No
Q26SourceOfSupport_5,Q26SourceOfSupport_5 = Internet,Yes; No
Q26SourceOfSupport_6,Q26SourceOfSupport_6 = Mobile Apps,Yes; No
Q26SourceOfSupport_7,Q26SourceOfSupport_7 = Parents,Yes; No
Q26SourceOfSupport_8,Q26SourceOfSupport_8 = Partner,Yes; No
Q26SourceOfSupport_9,Q26SourceOfSupport_9 = Relative,Yes; No
Q26SourceOfSupport_10,Q26SourceOfSupport_10 = School Counsellor,Yes; No
Q26SourceOfSupport_11,Q26SourceOfSupport_11 = SocialMedia,Yes; No
Q26SourceOfSupport_12,Q26SourceOfSupport_12 = Spiritual/Religious mentor,Yes; No
Q26SourceOfSupport_13,Q26SourceOfSupport_13 = Teacher,Yes; No
Q26SourceOfSupport_14,Q26SourceOfSupport_14 = Books/magazines,Yes; No
Q26SourceOfSupport_15,Q26SourceOfSupport_15 = Telephone hotline,Yes; No
Q26SourceOfSupport_16,Q26SourceOfSupport_16 = Magazines,Yes; No
Q26SourceOfSupport_17,Q26SourceOfSupport_17 = Online counselling website,Yes; No
Q26SourceOfSupport_18,Q26SourceOfSupport_18 = Other,Yes; No
Q24FamilyGetAlong,Q24FamilyGetAlong = Rating family's ability to get along,Poor; Fair; Good; Very good; Excellent
Q5Studying,Q5Studying = Study status,"Yes, full-time; Yes, part-time; No, not studying"
Q6StudySatisfaction,Q6StudySatisfaction = Satisfaction with studies,Very dissatisfied; Dissatisfied; Neither satisfied nor dissatisfied; Satisfied; Very satisfied; Not applicable (not studying)
Q7WhereStudy,Q7WhereStudy = Where they are studying,School or equivalent; TAFE or equivalent; University; 4; 9
Q7iYear12,Q7iYear12 = Plan to complete Yr 12,Yes; No; Not applicable (not at school)
Q8Planafterschool_1,Q8Planafterschool_1 = Get an apprenticeship,Yes; No
Q8Planafterschool_2,Q8Planafterschool_2 = Get a job,Yes; No
Q8Planafterschool_3,Q8Planafterschool_3 = Go to TAFE or college,Yes; No
Q8Planafterschool_4,Q8Planafterschool_4 = Go to university,Yes; No
Q8Planafterschool_5,Q8Planafterschool_5 = Join the defence force or emergency services,Yes; No
Q8Planafterschool_6,Q8Planafterschool_6 = Travel/gap year,Yes; No
Q8Planafterschool_7,Q8Planafterschool_7 = Start a business,Yes
Q8Planafterschool_8,Q8Planafterschool_8 = Other,Yes; No
Q8Planafterschool_9,Q8Planafterschool_9 = Not sure,Yes
Q8Planafterschool_10,Q8Planafterschool_10 = No choices are available to me,Yes; No; 7; 9
Q10Barriers,Q10Barriers = Feel they have barriers that prevent them from achieving work/study goals,Yes; No
Q10aBarriers_1,Q10aBarriers_1 = Academic ability,Yes; No
Q10aBarriers_2,Q10aBarriers_2 = Admission/job requirements,Yes; No
Q10aBarriers_3,Q10aBarriers_3 = COVID-19,Yes; No
Q10aBarriers_4,Q10aBarriers_4 = Cultural responsibilities,Yes; No
Q10aBarriers_5,Q10aBarriers_5 = Discrimination,Yes; No
Q10aBarriers_6,Q10aBarriers_6 = Family responsibilities,Yes; No
Q10aBarriers_7,Q10aBarriers_7 = Financial difficulty,Yes; No
Q10aBarriers_8,Q10aBarriers_8 = Lack of family support,Yes; No
Q10aBarriers_9,Q10aBarriers_9 = Lack of information,Yes; No
Q10aBarriers_10,Q10aBarriers_10 = Lack of jobs,Yes; No
Q10aBarriers_11,Q10aBarriers_11 = Lack of school support,Yes; No
Q10aBarriers_12,Q10aBarriers_12 = Mental health,Yes; No
Q10aBarriers_13,Q10aBarriers_13 = Physical health,Yes; No
Q10aBarriers_14,Q10aBarriers_14 = Transport,Yes; No
Q10aBarriers_15,Q10aBarriers_15 = Where you live,Yes; No
Q10aBarriers_16,Q10aBarriers_16 = Physical or mental health,Yes; No
Q10aBarriers_17,Q10aBarriers_17 = Other,Yes; No
Q29DiscriminationMe,Q29DiscriminationMe = Experienced unfair treatment in the last year,Yes; No
Q30Unfairtreatment_1,Q30Unfairtreatment_1 = Age (reason for discrimination),Yes; No
Q30Unfairtreatment_2,Q30Unfairtreatment_2 = Disability (reason for discrimination),Yes; No
Q30Unfairtreatment_3,Q30Unfairtreatment_3 = Financial background (reason for discrimination),Yes; No
Q30Unfairtreatment_4,Q30Unfairtreatment_4 = Gender (reason for discrimination),Yes; No
Q30Unfairtreatment_5,Q30Unfairtreatment_5 = Mental health (reason for discrimination),Yes; No
Q30Unfairtreatment_6,Q30Unfairtreatment_6 = Race (reason for discrimination),Yes; No
Q30Unfairtreatment_7,Q30Unfairtreatment_7 = Religion (reason for discrimination),Yes; No
Q30Unfairtreatment_8,Q30Unfairtreatment_8 = Sexuality (reason for discrimination),Yes; No
Q30Unfairtreatment_9,Q30Unfairtreatment_9 = Other (reason for discrimination),Yes; No
weight_final_1,Weight for rebased targets for = GENDER + STATE + SEIFA,NA
Q25Feel_1,Q25Feel_1. K6 Sad,All of the time; Most of the time; Some of the time; A little of the time; None of the time
Q25Feel_2,Q25Feel_2. K6 Nervous,All of the time; Most of the time; Some of the time; A little of the time; None of the time
Q25Feel_3,Q25Feel_3. K6 Restless,All of the time; Most of the time; Some of the time; A little of the time; None of the time
Q25Feel_4,Q25Feel_4. K6 Hopeless,All of the time; Most of the time; Some of the time; A little of the time; None of the time
Q25Feel_5,Q25Feel_5. K6 Effort,All of the time; Most of the time; Some of the time; A little of the time; None of the time
Q25Feel_6,Q25Feel_6. K6 Worthless,All of the time; Most of the time; Some of the time; A little of the time; None of the time
Q25K6SUM,Q25K6SUM. K6 Sum,NA
